"Date","NVDA.Close"
2018-01-02,4.9837498664856
2018-01-03,5.31174993515015
2018-01-04,5.33974981307983
2018-01-05,5.38500022888184
2018-01-08,5.55000019073486
2018-01-09,5.54850006103516
2018-01-10,5.59200000762939
2018-01-11,5.60200023651123
2018-01-12,5.57450008392334
2018-01-16,5.50274991989136
2018-01-17,5.61800003051758
2018-01-18,5.61100006103516
2018-01-19,5.75274991989136
2018-01-22,5.84224987030029
2018-01-23,5.97275018692017
2018-01-24,5.89499998092651
2018-01-25,5.90875005722046
2018-01-26,6.08325004577637
2018-01-29,6.1712498664856
2018-01-30,6.06799983978271
2018-01-31,6.14499998092651
2018-02-01,6.01249980926514
2018-02-02,5.83799982070923
2018-02-05,5.34250020980835
2018-02-06,5.6395001411438
2018-02-07,5.71999979019165
2018-02-08,5.43800020217896
2018-02-09,5.80200004577637
2018-02-12,5.70074987411499
2018-02-13,5.81575012207031
2018-02-14,6.03550004959106
2018-02-15,6.16249990463257
2018-02-16,6.09600019454956
2018-02-20,6.22700023651123
2018-02-21,6.03774976730347
2018-02-22,6.05375003814697
2018-02-23,6.14825010299683
2018-02-26,6.16450023651123
2018-02-27,6.15150022506714
2018-02-28,6.05000019073486
2018-03-01,5.80525016784668
2018-03-02,5.91349983215332
2018-03-05,5.8912501335144
2018-03-06,6.05399990081787
2018-03-07,6.0460000038147
2018-03-08,6.02950000762939
2018-03-09,6.13325023651123
2018-03-12,6.24399995803833
2018-03-13,6.19274997711182
2018-03-14,6.2185001373291
2018-03-15,6.2335000038147
2018-03-16,6.26200008392334
2018-03-19,6.02500009536743
2018-03-20,6.23950004577637
2018-03-21,6.21400022506714
2018-03-22,6.0462498664856
2018-03-23,5.82425022125244
2018-03-26,6.11199998855591
2018-03-27,5.63800001144409
2018-03-28,5.53375005722046
2018-03-29,5.78975009918213
2018-04-02,5.52624988555908
2018-04-03,5.63374996185303
2018-04-04,5.6560001373291
2018-04-05,5.53450012207031
2018-04-06,5.35624980926514
2018-04-09,5.38525009155273
2018-04-10,5.69775009155273
2018-04-11,5.6560001373291
2018-04-12,5.86499977111816
2018-04-13,5.78749990463257
2018-04-16,5.78725004196167
2018-04-17,5.93849992752075
2018-04-18,5.90924978256226
2018-04-19,5.72599983215332
2018-04-20,5.71775007247925
2018-04-23,5.59700012207031
2018-04-24,5.53000020980835
2018-04-25,5.41650009155273
2018-04-26,5.63049983978271
2018-04-27,5.6582498550415
2018-04-30,5.62249994277954
2018-05-01,5.67850017547607
2018-05-02,5.65775012969971
2018-05-03,5.82474994659424
2018-05-04,5.97650003433228
2018-05-07,6.21700000762939
2018-05-08,6.26000022888184
2018-05-09,6.39449977874756
2018-05-10,6.50325012207031
2018-05-11,6.36324977874756
2018-05-14,6.38399982452393
2018-05-15,6.13899993896484
2018-05-16,6.15024995803833
2018-05-17,6.19274997711182
2018-05-18,6.14849996566772
2018-05-21,6.10599994659424
2018-05-22,6.06750011444092
2018-05-23,6.18849992752075
2018-05-24,6.19224977493286
2018-05-25,6.23199987411499
2018-05-29,6.21474981307983
2018-05-30,6.32474994659424
2018-05-31,6.30474996566772
2018-06-01,6.44049978256226
2018-06-04,6.62125015258789
2018-06-05,6.62674999237061
2018-06-06,6.62874984741211
2018-06-07,6.57250022888184
2018-06-08,6.55700016021729
2018-06-11,6.51550006866455
2018-06-12,6.5644998550415
2018-06-13,6.55999994277954
2018-06-14,6.6727499961853
2018-06-15,6.63149976730347
2018-06-18,6.62725019454956
2018-06-19,6.50425004959106
2018-06-20,6.55775022506714
2018-06-21,6.42775011062622
2018-06-22,6.27374982833862
2018-06-25,5.97800016403198
2018-06-26,6.04974985122681
2018-06-27,5.89300012588501
2018-06-28,6.02150011062622
2018-06-29,5.9225001335144
2018-07-02,6.05600023269653
2018-07-03,5.9210000038147
2018-07-05,6.06825017929077
2018-07-06,6.18324995040894
2018-07-09,6.23124980926514
2018-07-10,6.33125019073486
2018-07-11,6.18825006484985
2018-07-12,6.28074979782104
2018-07-13,6.23299980163574
2018-07-16,6.20499992370605
2018-07-17,6.34224987030029
2018-07-18,6.29250001907349
2018-07-19,6.30074977874756
2018-07-20,6.27225017547607
2018-07-23,6.2352499961853
2018-07-24,6.21775007247925
2018-07-25,6.29675006866455
2018-07-26,6.37099981307983
2018-07-27,6.30049991607666
2018-07-30,6.10325002670288
2018-07-31,6.12150001525879
2018-08-01,6.16174983978271
2018-08-02,6.26550006866455
2018-08-03,6.30249977111816
2018-08-06,6.35074996948242
2018-08-07,6.42374992370605
2018-08-08,6.46049976348877
2018-08-09,6.41149997711182
2018-08-10,6.36975002288818
2018-08-13,6.40299987792969
2018-08-14,6.53574991226196
2018-08-15,6.47700023651123
2018-08-16,6.43599987030029
2018-08-17,6.12050008773804
2018-08-20,6.19600009918213
2018-08-21,6.33300018310547
2018-08-22,6.57049989700317
2018-08-23,6.6710000038147
2018-08-24,6.80550003051758
2018-08-27,6.89750003814697
2018-08-28,6.85949993133545
2018-08-29,6.96225023269653
2018-08-30,6.94525003433228
2018-08-31,7.01700019836426
2018-09-04,7.09250020980835
2018-09-05,6.96049976348877
2018-09-06,6.81799983978271
2018-09-07,6.79650020599365
2018-09-10,6.86824989318848
2018-09-11,6.82000017166138
2018-09-12,6.70499992370605
2018-09-13,6.78350019454956
2018-09-14,6.91074991226196
2018-09-17,6.84824991226196
2018-09-18,6.77549982070923
2018-09-19,6.79949998855591
2018-09-20,6.65700006484985
2018-09-21,6.58624982833862
2018-09-24,6.64249992370605
2018-09-25,6.71024990081787
2018-09-26,6.6729998588562
2018-09-27,6.68499994277954
2018-09-28,7.02549982070923
2018-10-01,7.23400020599365
2018-10-02,7.16200017929077
2018-10-03,7.16825008392334
2018-10-04,6.98225021362305
2018-10-05,6.74650001525879
2018-10-08,6.64424991607666
2018-10-09,6.63850021362305
2018-10-10,6.14225006103516
2018-10-11,5.87825012207031
2018-10-12,6.16349983215332
2018-10-15,5.88450002670288
2018-10-16,6.14575004577637
2018-10-17,6.07649993896484
2018-10-18,5.98824977874756
2018-10-19,5.72924995422363
2018-10-22,5.78049993515015
2018-10-23,5.52650022506714
2018-10-24,4.9852499961853
2018-10-25,5.19600009918213
2018-10-26,4.95725011825562
2018-10-29,4.64050006866455
2018-10-30,5.07499980926514
2018-10-31,5.27075004577637
2018-11-01,5.45275020599365
2018-11-02,5.3730001449585
2018-11-05,5.29425001144409
2018-11-06,5.27650022506714
2018-11-07,5.34474992752075
2018-11-08,5.14975023269653
2018-11-09,5.1417498588562
2018-11-12,4.73850011825562
2018-11-13,4.98274993896484
2018-11-14,4.92974996566772
2018-11-15,5.05975008010864
2018-11-16,4.11075019836426
2018-11-19,3.6175000667572
2018-11-20,3.72699999809265
2018-11-21,3.6177499294281
2018-11-23,3.625
2018-11-26,3.82625007629395
2018-11-27,3.84325003623962
2018-11-28,4.00174999237061
2018-11-29,3.93400001525879
2018-11-30,4.08575010299683
2018-12-03,4.25099992752075
2018-12-04,3.92775011062622
2018-12-06,3.95725011825562
2018-12-07,3.69024991989136
2018-12-10,3.79649996757507
2018-12-11,3.70475006103516
2018-12-12,3.72250008583069
2018-12-13,3.72224998474121
2018-12-14,3.66125011444092
2018-12-17,3.58949995040894
2018-12-18,3.67350006103516
2018-12-19,3.46274995803833
2018-12-20,3.37750005722046
2018-12-21,3.23924994468689
2018-12-24,3.17700004577637
2018-12-26,3.32750010490417
2018-12-27,3.27924990653992
2018-12-28,3.34124994277954
2018-12-31,3.33750009536743
2019-01-02,3.40549993515015
2019-01-03,3.19974994659424
2019-01-04,3.40475010871887
2019-01-07,3.58500003814697
2019-01-08,3.49574995040894
2019-01-09,3.56450009346008
2019-01-10,3.63074994087219
2019-01-11,3.72075009346008
2019-01-14,3.76099991798401
2019-01-15,3.74675011634827
2019-01-16,3.72099995613098
2019-01-17,3.79299998283386
2019-01-18,3.92324995994568
2019-01-22,3.71924996376038
2019-01-23,3.73224997520447
2019-01-24,3.94600009918213
2019-01-25,4.00374984741211
2019-01-28,3.45024991035461
2019-01-29,3.28999996185303
2019-01-30,3.43475008010864
2019-01-31,3.59375
2019-02-01,3.61824989318848
2019-02-04,3.72950005531311
2019-02-05,3.74874997138977
2019-02-06,3.82500004768372
2019-02-07,3.68549990653992
2019-02-08,3.70425009727478
2019-02-11,3.66125011444092
2019-02-12,3.77924990653992
2019-02-13,3.82200002670288
2019-02-14,3.86325001716614
2019-02-15,3.93350005149841
2019-02-19,3.91599988937378
2019-02-20,3.96374988555908
2019-02-21,3.89424991607666
2019-02-22,3.97974991798401
2019-02-25,3.96725010871887
2019-02-26,3.92750000953674
2019-02-27,3.88525009155273
2019-02-28,3.85649991035461
2019-03-01,3.91125011444092
2019-03-04,3.91950011253357
2019-03-05,3.91300010681152
2019-03-06,3.80124998092651
2019-03-07,3.73149991035461
2019-03-08,3.76600003242493
2019-03-11,4.02850008010864
2019-03-12,4.06300020217896
2019-03-13,4.21549987792969
2019-03-14,4.13899993896484
2019-03-15,4.24525022506714
2019-03-18,4.22375011444092
2019-03-19,4.39274978637695
2019-03-20,4.3600001335144
2019-03-21,4.59849977493286
2019-03-22,4.4375
2019-03-25,4.34450006484985
2019-03-26,4.42175006866455
2019-03-27,4.41249990463257
2019-03-28,4.43125009536743
2019-03-29,4.48899984359741
2019-04-01,4.55700016021729
2019-04-02,4.57499980926514
2019-04-03,4.71549987792969
2019-04-04,4.70650005340576
2019-04-05,4.77374982833862
2019-04-08,4.79475021362305
2019-04-09,4.73150014877319
2019-04-10,4.80249977111816
2019-04-11,4.78849983215332
2019-04-12,4.7502498626709
2019-04-15,4.61749982833862
2019-04-16,4.70524978637695
2019-04-17,4.68225002288818
2019-04-18,4.65749979019165
2019-04-22,4.71175003051758
2019-04-23,4.7667498588562
2019-04-24,4.7792501449585
2019-04-25,4.6727499961853
2019-04-26,4.4522500038147
2019-04-29,4.4832501411438
2019-04-30,4.52500009536743
2019-05-01,4.51175022125244
2019-05-02,4.57975006103516
2019-05-03,4.57525014877319
2019-05-06,4.49625015258789
2019-05-07,4.32775020599365
2019-05-08,4.34800004959106
2019-05-09,4.25474977493286
2019-05-10,4.22049999237061
2019-05-13,3.9612500667572
2019-05-14,4.05100011825562
2019-05-15,3.98950004577637
2019-05-16,4.00474977493286
2019-05-17,3.91324996948242
2019-05-20,3.79375004768372
2019-05-21,3.87649989128113
2019-05-22,3.8050000667572
2019-05-23,3.68300008773804
2019-05-24,3.62875008583069
2019-05-28,3.58325004577637
2019-05-29,3.50850009918213
2019-05-30,3.4777500629425
2019-05-31,3.38649988174438
2019-06-03,3.34450006484985
2019-06-04,3.57500004768372
2019-06-05,3.53200006484985
2019-06-06,3.59450006484985
2019-06-07,3.63750004768372
2019-06-10,3.71075010299683
2019-06-11,3.76874995231628
2019-06-12,3.65499997138977
2019-06-13,3.70650005340576
2019-06-14,3.6159999370575
2019-06-17,3.62575006484985
2019-06-18,3.82200002670288
2019-06-19,3.82800006866455
2019-06-20,3.85249996185303
2019-06-21,3.79399991035461
2019-06-24,3.81649994850159
2019-06-25,3.78699994087219
2019-06-26,3.98149991035461
2019-06-27,4.08074998855591
2019-06-28,4.10575008392334
2019-07-01,4.1542501449585
2019-07-02,4.05574989318848
2019-07-03,4.06874990463257
2019-07-05,4.00575017929077
2019-07-08,3.9302499294281
2019-07-09,3.93274998664856
2019-07-10,4.00150012969971
2019-07-11,4.15700006484985
2019-07-12,4.19024991989136
2019-07-15,4.18174982070923
2019-07-16,4.17700004577637
2019-07-17,4.24275016784668
2019-07-18,4.25449991226196
2019-07-19,4.21099996566772
2019-07-22,4.28299999237061
2019-07-23,4.3914999961853
2019-07-24,4.46649980545044
2019-07-25,4.33449983596802
2019-07-26,4.37674999237061
2019-07-29,4.37050008773804
2019-07-30,4.38625001907349
2019-07-31,4.21799993515015
2019-08-01,4.1230001449585
2019-08-02,4.02974987030029
2019-08-05,3.76975011825562
2019-08-06,3.80874991416931
2019-08-07,3.84724998474121
2019-08-08,3.95650005340576
2019-08-09,3.85450005531311
2019-08-12,3.78625011444092
2019-08-13,3.90124988555908
2019-08-14,3.75174999237061
2019-08-15,3.71924996376038
2019-08-16,3.98900008201599
2019-08-19,4.26949977874756
2019-08-20,4.19675016403198
2019-08-21,4.28074979782104
2019-08-22,4.28700017929077
2019-08-23,4.06099987030029
2019-08-26,4.13625001907349
2019-08-27,4.04500007629395
2019-08-28,4.03049993515015
2019-08-29,4.17500019073486
2019-08-30,4.1877498626709
2019-09-03,4.10424995422363
2019-09-04,4.2189998626709
2019-09-05,4.49350023269653
2019-09-06,4.46624994277954
2019-09-09,4.51249980926514
2019-09-10,4.57950019836426
2019-09-11,4.6082501411438
2019-09-12,4.60675001144409
2019-09-13,4.54850006103516
2019-09-16,4.50524997711182
2019-09-17,4.52675008773804
2019-09-18,4.49949979782104
2019-09-19,4.42350006103516
2019-09-20,4.31724977493286
2019-09-23,4.37099981307983
2019-09-24,4.31325006484985
2019-09-25,4.45574998855591
2019-09-26,4.43349981307983
2019-09-27,4.29400014877319
2019-09-30,4.35174989700317
2019-10-01,4.34999990463257
2019-10-02,4.32600021362305
2019-10-03,4.53275012969971
2019-10-04,4.54925012588501
2019-10-07,4.6082501411438
2019-10-08,4.43074989318848
2019-10-09,4.51774978637695
2019-10-10,4.57574987411499
2019-10-11,4.64975023269653
2019-10-14,4.66324996948242
2019-10-15,4.90924978256226
2019-10-16,4.85524988174438
2019-10-17,4.85725021362305
2019-10-18,4.76224994659424
2019-10-21,4.90024995803833
2019-10-22,4.89025020599365
2019-10-23,4.87725019454956
2019-10-24,4.92150020599365
2019-10-25,5.11350011825562
2019-10-28,5.16975021362305
2019-10-29,5.07299995422363
2019-10-30,5.07499980926514
2019-10-31,5.02549982070923
2019-11-01,5.06475019454956
2019-11-04,5.26249980926514
2019-11-05,5.24025011062622
2019-11-06,5.19075012207031
2019-11-07,5.20849990844727
2019-11-08,5.19449996948242
2019-11-11,5.20450019836426
2019-11-12,5.24025011062622
2019-11-13,5.21425008773804
2019-11-14,5.24475002288818
2019-11-15,5.10475015640259
2019-11-18,5.30700016021729
2019-11-19,5.19974994659424
2019-11-20,5.27950000762939
2019-11-21,5.25449991226196
2019-11-22,5.27225017547607
2019-11-25,5.53025007247925
2019-11-26,5.42500019073486
2019-11-27,5.45599985122681
2019-11-29,5.41849994659424
2019-12-02,5.23124980926514
2019-12-03,5.19150018692017
2019-12-04,5.2354998588562
2019-12-05,5.2185001373291
2019-12-06,5.30424976348877
2019-12-09,5.30424976348877
2019-12-10,5.34950017929077
2019-12-11,5.43349981307983
2019-12-12,5.60174989700317
2019-12-13,5.59975004196167
2019-12-16,5.62874984741211
2019-12-17,5.70725011825562
2019-12-18,5.73775005340576
2019-12-19,5.88649988174438
2019-12-20,5.98425006866455
2019-12-23,5.97049999237061
2019-12-24,5.96549987792969
2019-12-26,5.97975015640259
2019-12-27,5.92175006866455
2019-12-30,5.80800008773804
2019-12-31,5.88250017166138
2020-01-02,5.99774980545044
2020-01-03,5.90175008773804
2020-01-06,5.92649984359741
2020-01-07,5.99825000762939
2020-01-08,6.00950002670288
2020-01-09,6.07550001144409
2020-01-10,6.10799980163574
2020-01-13,6.29949998855591
2020-01-14,6.18200016021729
2020-01-15,6.13924980163574
2020-01-16,6.22324991226196
2020-01-17,6.23199987411499
2020-01-21,6.19850015640259
2020-01-22,6.25274991989136
2020-01-23,6.32149982452393
2020-01-24,6.26200008392334
2020-01-27,6.00500011444092
2020-01-28,6.19925022125244
2020-01-29,6.13850021362305
2020-01-30,6.14524984359741
2020-01-31,5.91074991226196
2020-02-03,6.00825023651123
2020-02-04,6.17824983596802
2020-02-05,6.26900005340576
2020-02-06,6.35624980926514
2020-02-07,6.28975009918213
2020-02-10,6.57425022125244
2020-02-11,6.69724988937378
2020-02-12,6.81349992752075
2020-02-13,6.76949977874756
2020-02-14,7.24475002288818
2020-02-18,7.41424989700317
2020-02-19,7.86749982833862
2020-02-20,7.71750020980835
2020-02-21,7.35174989700317
2020-02-24,6.83199977874756
2020-02-25,6.55124998092651
2020-02-26,6.69124984741211
2020-02-27,6.31500005722046
2020-02-28,6.75174999237061
2020-03-02,6.91074991226196
2020-03-03,6.64725017547607
2020-03-04,7.11275005340576
2020-03-05,6.83225011825562
2020-03-06,6.65100002288818
2020-03-09,6.13600015640259
2020-03-10,6.52699995040894
2020-03-11,6.16174983978271
2020-03-12,5.40775012969971
2020-03-13,6.02099990844727
2020-03-16,4.90999984741211
2020-03-17,5.43174982070923
2020-03-18,5.07049989700317
2020-03-19,5.32425022125244
2020-03-20,5.14375019073486
2020-03-23,5.31724977493286
2020-03-24,6.22949981689453
2020-03-25,6.14050006866455
2020-03-26,6.43100023269653
2020-03-27,6.31825017929077
2020-03-30,6.6397500038147
2020-03-31,6.59000015258789
2020-04-01,6.07674980163574
2020-04-02,6.38675022125244
2020-04-03,6.09775018692017
2020-04-06,6.71000003814697
2020-04-07,6.47574996948242
2020-04-08,6.67374992370605
2020-04-09,6.57375001907349
2020-04-13,6.74625015258789
2020-04-14,7.09875011444092
2020-04-15,7.02099990844727
2020-04-16,7.36749982833862
2020-04-17,7.30800008773804
2020-04-20,7.17624998092651
2020-04-21,6.73775005340576
2020-04-22,7.15374994277954
2020-04-23,7.10024976730347
2020-04-24,7.23974990844727
2020-04-27,7.42700004577637
2020-04-28,7.28399991989136
2020-04-29,7.46150016784668
2020-04-30,7.30700016021729
2020-05-01,7.06949996948242
2020-05-04,7.28224992752075
2020-05-05,7.3435001373291
2020-05-06,7.44474983215332
2020-05-07,7.62174987792969
2020-05-08,7.8125
2020-05-11,8.06550025939941
2020-05-12,7.80249977111816
2020-05-13,7.78000020980835
2020-05-14,8.0305004119873
2020-05-15,8.49075031280518
2020-05-18,8.7502498626709
2020-05-19,8.80550003051758
2020-05-20,8.97000026702881
2020-05-21,8.77525043487549
2020-05-22,9.02624988555908
2020-05-26,8.71774959564209
2020-05-27,8.52525043487549
2020-05-28,8.48700046539307
2020-05-29,8.8754997253418
2020-06-01,8.80624961853027
2020-06-02,8.82524967193604
2020-06-03,8.76949977874756
2020-06-04,8.76650047302246
2020-06-05,8.92000007629395
2020-06-08,8.80500030517578
2020-06-09,9.04599952697754
2020-06-10,9.36674976348877
2020-06-11,8.79625034332275
2020-06-12,8.93249988555908
2020-06-15,9.17374992370605
2020-06-16,9.06849956512451
2020-06-17,9.23600006103516
2020-06-18,9.2180004119873
2020-06-19,9.26124954223633
2020-06-22,9.52674961090088
2020-06-23,9.44999980926514
2020-06-24,9.23550033569336
2020-06-25,9.48999977111816
2020-06-26,9.15499973297119
2020-06-29,9.19999980926514
2020-06-30,9.4977502822876
2020-07-01,9.52999973297119
2020-07-02,9.61225032806396
2020-07-06,9.83924961090088
2020-07-07,9.87174987792969
2020-07-08,10.2159996032715
2020-07-09,10.5089998245239
2020-07-10,10.4792499542236
2020-07-13,10.0522499084473
2020-07-14,10.3769998550415
2020-07-15,10.2272500991821
2020-07-16,10.1347503662109
2020-07-17,10.2014999389648
2020-07-20,10.5107498168945
2020-07-21,10.3284997940063
2020-07-22,10.4387502670288
2020-07-23,10.12975025177
2020-07-24,10.1944999694824
2020-07-27,10.4215002059937
2020-07-28,10.2154998779297
2020-07-29,10.4654998779297
2020-07-30,10.6140003204346
2020-07-31,10.6147499084473
2020-08-03,11.0102500915527
2020-08-04,11.2277498245239
2020-08-05,11.2867498397827
2020-08-06,11.3354997634888
2020-08-07,11.1995000839233
2020-08-10,11.164999961853
2020-08-11,10.8500003814697
2020-08-12,11.4402503967285
2020-08-13,11.4429998397827
2020-08-14,11.5640001296997
2020-08-17,12.3369998931885
2020-08-18,12.2607498168945
2020-08-19,12.138500213623
2020-08-20,12.1409997940063
2020-08-21,12.683500289917
2020-08-24,12.7202501296997
2020-08-25,12.75
2020-08-26,12.7729997634888
2020-08-27,12.6282501220703
2020-08-28,13.1477499008179
2020-08-31,13.3745002746582
2020-09-01,13.8210000991821
2020-09-02,14.3465003967285
2020-09-03,13.0155000686646
2020-09-04,12.6225004196167
2020-09-08,11.9130001068115
2020-09-09,12.7150001525879
2020-09-10,12.3117504119873
2020-09-11,12.1645002365112
2020-09-14,12.8722496032715
2020-09-15,12.9910001754761
2020-09-16,12.5144996643066
2020-09-17,12.4635000228882
2020-09-18,12.1892499923706
2020-09-21,12.5172500610352
2020-09-22,12.637749671936
2020-09-23,12.1237497329712
2020-09-24,12.3479995727539
2020-09-25,12.8737497329712
2020-09-28,13.0349998474121
2020-09-29,13.2257499694824
2020-09-30,13.5305004119873
2020-10-01,13.6145000457764
2020-10-02,13.0622501373291
2020-10-05,13.6424999237061
2020-10-06,13.736499786377
2020-10-07,13.96399974823
2020-10-08,13.8387498855591
2020-10-09,13.762749671936
2020-10-12,14.2259998321533
2020-10-13,14.2482500076294
2020-10-14,14.0952501296997
2020-10-15,13.9700002670288
2020-10-16,13.8114995956421
2020-10-19,13.4977502822876
2020-10-20,13.6455001831055
2020-10-21,13.5247497558594
2020-10-22,13.3610000610352
2020-10-23,13.5902500152588
2020-10-26,13.1412496566772
2020-10-27,13.3967504501343
2020-10-28,12.6269998550415
2020-10-29,13.0240001678467
2020-10-30,12.5340003967285
2020-11-02,12.5807504653931
2020-11-03,13.0194997787476
2020-11-04,13.7942495346069
2020-11-05,14.1599998474121
2020-11-06,14.5620002746582
2020-11-09,13.6307497024536
2020-11-10,12.7700004577637
2020-11-11,13.4180002212524
2020-11-12,13.4567499160767
2020-11-13,13.2969999313354
2020-11-16,13.5152502059937
2020-11-17,13.4222497940063
2020-11-18,13.428750038147
2020-11-19,13.4402503967285
2020-11-20,13.0877504348755
2020-11-23,13.1400003433228
2020-11-24,12.9577503204346
2020-11-25,13.2347497940063
2020-11-27,13.2612495422363
2020-11-30,13.40149974823
2020-12-01,13.3900003433228
2020-12-02,13.5445003509521
2020-12-03,13.3959999084473
2020-12-04,13.5582504272461
2020-12-07,13.6067495346069
2020-12-08,13.3500003814697
2020-12-09,12.9307498931885
2020-12-10,12.9722499847412
2020-12-11,13.0132503509521
2020-12-14,13.3087501525879
2020-12-15,13.3605003356934
2020-12-16,13.2425003051758
2020-12-17,13.3412504196167
2020-12-18,13.2720003128052
2020-12-21,13.3322496414185
2020-12-22,13.2782497406006
2020-12-23,13.0092496871948
2020-12-24,12.9937496185303
2020-12-28,12.8999996185303
2020-12-29,12.9432497024536
2020-12-30,13.1457500457764
2020-12-31,13.0550003051758
2021-01-04,13.1134996414185
2021-01-05,13.4047498703003
2021-01-06,12.6145000457764
2021-01-07,13.3439998626709
2021-01-08,13.2767496109009
2021-01-11,13.6215000152588
2021-01-12,13.4847497940063
2021-01-13,13.5317497253418
2021-01-14,13.200249671936
2021-01-15,12.8594999313354
2021-01-19,13.0252504348755
2021-01-20,13.3657503128052
2021-01-21,13.8675003051758
2021-01-22,13.7124996185303
2021-01-25,13.6532497406006
2021-01-26,13.4352502822876
2021-01-27,12.9177503585815
2021-01-28,13.0509996414185
2021-01-29,12.9897499084473
2021-02-01,13.2370004653931
2021-02-02,13.5567502975464
2021-02-03,13.5305004119873
2021-02-04,13.6642503738403
2021-02-05,13.5909996032715
2021-02-08,14.4387502670288
2021-02-09,14.2632503509521
2021-02-10,14.7642498016357
2021-02-11,15.2507495880127
2021-02-12,14.9612503051758
2021-02-16,15.330249786377
2021-02-17,14.9060001373291
2021-02-18,14.8290004730225
2021-02-19,14.9265003204346
2021-02-22,14.3557500839233
2021-02-23,14.1420001983643
2021-02-24,14.4989995956421
2021-02-25,13.3074998855591
2021-02-26,13.7145004272461
2021-03-01,13.8417501449585
2021-03-02,13.40625
2021-03-03,12.8047504425049
2021-03-04,12.37024974823
2021-03-05,12.4615001678467
2021-03-08,11.5932502746582
2021-03-09,12.5202503204346
2021-03-10,12.4682502746582
2021-03-11,12.9934997558594
2021-03-12,12.8559999465942
2021-03-15,13.1912498474121
2021-03-16,13.2912502288818
2021-03-17,13.3412504196167
2021-03-18,12.7224998474121
2021-03-19,12.8457498550415
2021-03-22,13.1862497329712
2021-03-23,13.0707502365112
2021-03-24,12.6429996490479
2021-03-25,12.535249710083
2021-03-26,12.8392496109009
2021-03-29,12.9482498168945
2021-03-30,12.8717498779297
2021-03-31,13.3482503890991
2021-04-01,13.8117504119873
2021-04-05,13.9875001907349
2021-04-06,13.861499786377
2021-04-07,14.143500328064
2021-04-08,14.3170003890991
2021-04-09,14.3999996185303
2021-04-12,15.2089996337891
2021-04-13,15.6794996261597
2021-04-14,15.2770004272461
2021-04-15,16.1372509002686
2021-04-16,15.9125003814697
2021-04-19,15.3617496490479
2021-04-20,15.1712503433228
2021-04-21,15.3605003356934
2021-04-22,14.8502502441406
2021-04-23,15.2652502059937
2021-04-26,15.4779996871948
2021-04-27,15.3817501068115
2021-04-28,15.2767496109009
2021-04-29,15.3247499465942
2021-04-30,15.0094995498657
2021-05-03,14.8367500305176
2021-05-04,14.3512496948242
2021-05-05,14.4584999084473
2021-05-06,14.5229997634888
2021-05-07,14.8122501373291
2021-05-10,14.2657499313354
2021-05-11,14.3062496185303
2021-05-12,13.7585000991821
2021-05-13,13.6652498245239
2021-05-14,14.2430000305176
2021-05-17,14.1654996871948
2021-05-18,14.0157499313354
2021-05-19,14.0657501220703
2021-05-20,14.6125001907349
2021-05-21,14.9917497634888
2021-05-24,15.6120004653931
2021-05-25,15.6477499008179
2021-05-26,15.6999998092651
2021-05-27,15.4879999160767
2021-05-28,16.244499206543
2021-06-01,16.2644996643066
2021-06-02,16.7782497406006
2021-06-03,16.9697494506836
2021-06-04,17.5782508850098
2021-06-07,17.6189994812012
2021-06-08,17.4570007324219
2021-06-09,17.3582496643066
2021-06-10,17.4249992370605
2021-06-11,17.8252506256104
2021-06-14,18.0187492370605
2021-06-15,17.7884998321533
2021-06-16,17.8102493286133
2021-06-17,18.6572494506836
2021-06-18,18.6387500762939
2021-06-21,18.4272499084473
2021-06-22,18.8867492675781
2021-06-23,19.0572490692139
2021-06-24,19.2054996490479
2021-06-25,19.0310001373291
2021-06-28,19.9850006103516
2021-06-29,20.0267505645752
2021-06-30,20.0025005340576
2021-07-01,20.2119998931885
2021-07-02,20.4869995117188
2021-07-06,20.6984996795654
2021-07-07,20.3717498779297
2021-07-08,19.9027500152588
2021-07-09,20.0502490997314
2021-07-12,20.5125007629395
2021-07-13,20.25
2021-07-14,19.8414993286133
2021-07-15,18.9662494659424
2021-07-16,18.1609992980957
2021-07-19,18.7797508239746
2021-07-20,18.6119995117188
2021-07-21,19.4099998474121
2021-07-22,19.5939998626709
2021-07-23,19.5580005645752
2021-07-26,19.2940006256104
2021-07-27,19.2080001831055
2021-07-28,19.5030002593994
2021-07-29,19.6620006561279
2021-07-30,19.4990005493164
2021-08-02,19.75
2021-08-03,19.8150005340576
2021-08-04,20.2740001678467
2021-08-05,20.636999130249
2021-08-06,20.3659992218018
2021-08-09,20.2950000762939
2021-08-10,19.9360008239746
2021-08-11,19.6989994049072
2021-08-12,19.9050006866455
2021-08-13,20.1879997253418
2021-08-16,19.9500007629395
2021-08-17,19.4580001831055
2021-08-18,19.0400009155273
2021-08-19,19.7980003356934
2021-08-20,20.8159999847412
2021-08-23,21.9580001831055
2021-08-24,21.7929992675781
2021-08-25,22.2129993438721
2021-08-26,22.068000793457
2021-08-27,22.6359996795654
2021-08-30,22.6879997253418
2021-08-31,22.3850002288818
2021-09-01,22.4409999847412
2021-09-02,22.3959999084473
2021-09-03,22.8430004119873
2021-09-07,22.6620006561279
2021-09-08,22.3390007019043
2021-09-09,22.1770000457764
2021-09-10,22.4780006408691
2021-09-13,22.1520004272461
2021-09-14,22.242000579834
2021-09-15,22.3409996032715
2021-09-16,22.242000579834
2021-09-17,21.8999996185303
2021-09-20,21.113000869751
2021-09-21,21.246000289917
2021-09-22,21.9409999847412
2021-09-23,22.4820003509521
2021-09-24,22.0809993743896
2021-09-27,21.6599998474121
2021-09-28,20.6989994049072
2021-09-29,20.5170001983643
2021-09-30,20.7159996032715
2021-10-01,20.742000579834
2021-10-04,19.7320003509521
2021-10-05,20.451000213623
2021-10-06,20.7000007629395
2021-10-07,21.0750007629395
2021-10-08,20.8309993743896
2021-10-11,20.6949996948242
2021-10-12,20.6709995269775
2021-10-13,20.9389991760254
2021-10-14,21.746000289917
2021-10-15,21.8619995117188
2021-10-18,22.2220001220703
2021-10-19,22.2900009155273
2021-10-20,22.1030006408691
2021-10-21,22.6919994354248
2021-10-22,22.7259998321533
2021-10-25,23.1660003662109
2021-10-26,24.7169990539551
2021-10-27,24.451000213623
2021-10-28,24.9409999847412
2021-10-29,25.5669994354248
2021-11-01,25.8269996643066
2021-11-02,26.4009990692139
2021-11-03,26.5979995727539
2021-11-04,29.8010005950928
2021-11-05,29.7520008087158
2021-11-08,30.8040008544922
2021-11-09,30.6569995880127
2021-11-10,29.4589996337891
2021-11-11,30.3899993896484
2021-11-12,30.3899993896484
2021-11-15,30.0249996185303
2021-11-16,30.2029991149902
2021-11-17,29.2609996795654
2021-11-18,31.6749992370605
2021-11-19,32.9850006103516
2021-11-22,31.9559993743896
2021-11-23,31.746000289917
2021-11-24,32.673999786377
2021-11-26,31.5030002593994
2021-11-29,33.3759994506836
2021-11-30,32.6759986877441
2021-12-01,31.4349994659424
2021-12-02,32.1259994506836
2021-12-03,30.693000793457
2021-12-06,30.0370006561279
2021-12-07,32.4269981384277
2021-12-08,31.826000213623
2021-12-09,30.4899997711182
2021-12-10,30.1979999542236
2021-12-13,28.1609992980957
2021-12-14,28.3369998931885
2021-12-15,30.4589996337891
2021-12-16,28.386999130249
2021-12-17,27.8010005950928
2021-12-20,27.7189998626709
2021-12-21,29.0750007629395
2021-12-22,29.3999996185303
2021-12-23,29.6399993896484
2021-12-27,30.9449996948242
2021-12-28,30.32200050354
2021-12-29,30.0009994506836
2021-12-30,29.5860004425049
2021-12-31,29.4109992980957
2022-01-03,30.121000289917
2022-01-04,29.2900009155273
2022-01-05,27.6040000915527
2022-01-06,28.17799949646
2022-01-07,27.2469997406006
2022-01-10,27.3999996185303
2022-01-11,27.8169994354248
2022-01-12,27.9990005493164
2022-01-13,26.5750007629395
2022-01-14,26.9419994354248
2022-01-18,25.9029998779297
2022-01-19,25.0669994354248
2022-01-20,24.1499996185303
2022-01-21,23.3740005493164
2022-01-24,23.3719997406006
2022-01-25,22.3239994049072
2022-01-26,22.7719993591309
2022-01-27,21.9440002441406
2022-01-28,22.8400001525879
2022-01-31,24.4860000610352
2022-02-01,24.6380004882812
2022-02-02,25.242000579834
2022-02-03,23.9479999542236
2022-02-04,24.3190002441406
2022-02-07,24.7280006408691
2022-02-08,25.1079998016357
2022-02-09,26.7049999237061
2022-02-10,25.8239994049072
2022-02-11,23.9489994049072
2022-02-14,24.2670001983643
2022-02-15,26.4950008392334
2022-02-16,26.5109996795654
2022-02-17,24.5069999694824
2022-02-18,23.6420001983643
2022-02-22,23.3899993896484
2022-02-23,22.386999130249
2022-02-24,23.7479991912842
2022-02-25,24.1569995880127
2022-02-28,24.3850002288818
2022-03-01,23.4769992828369
2022-03-02,24.2199993133545
2022-03-03,23.7140007019043
2022-03-04,22.9360008239746
2022-03-07,21.3519992828369
2022-03-08,21.5139999389648
2022-03-09,23.0139999389648
2022-03-10,22.6580009460449
2022-03-11,22.1000003814697
2022-03-14,21.3299999237061
2022-03-15,22.9729995727539
2022-03-16,24.496000289917
2022-03-17,24.7660007476807
2022-03-18,26.4529991149902
2022-03-21,26.7339992523193
2022-03-22,26.5240001678467
2022-03-23,25.6340007781982
2022-03-24,28.1499996185303
2022-03-25,27.6919994354248
2022-03-28,28.2189998626709
2022-03-29,28.6560001373291
2022-03-30,27.6900005340576
2022-03-31,27.2859992980957
2022-04-01,26.7119998931885
2022-04-04,27.3600006103516
2022-04-05,25.9309997558594
2022-04-06,24.4069995880127
2022-04-07,24.2080001831055
2022-04-08,23.1189994812012
2022-04-11,21.9169998168945
2022-04-12,21.503999710083
2022-04-13,22.2029991149902
2022-04-14,21.257999420166
2022-04-18,21.7830009460449
2022-04-19,22.1979999542236
2022-04-20,21.4820003509521
2022-04-21,20.1830005645752
2022-04-22,19.5149993896484
2022-04-25,19.9020004272461
2022-04-26,18.7880001068115
2022-04-27,18.4150009155273
2022-04-28,19.7819995880127
2022-04-29,18.5470008850098
2022-05-02,19.5330009460449
2022-05-03,19.6019992828369
2022-05-04,20.3339996337891
2022-05-05,18.8439998626709
2022-05-06,18.6749992370605
2022-05-09,16.9500007629395
2022-05-10,17.5949993133545
2022-05-11,16.6299991607666
2022-05-12,16.1749992370605
2022-05-13,17.7059993743896
2022-05-16,17.2639999389648
2022-05-17,18.1770000457764
2022-05-18,16.9379997253418
2022-05-19,17.1240005493164
2022-05-20,16.6940002441406
2022-05-23,16.8980007171631
2022-05-24,16.1539993286133
2022-05-25,16.9750003814697
2022-05-26,17.8509998321533
2022-05-27,18.8110008239746
2022-05-31,18.6720008850098
2022-06-01,18.3199996948242
2022-06-02,19.5919990539551
2022-06-03,18.7199993133545
2022-06-06,18.7859992980957
2022-06-07,18.9260005950928
2022-06-08,18.6480007171631
2022-06-09,18.0480003356934
2022-06-10,16.9740009307861
2022-06-13,15.6470003128052
2022-06-14,15.8360004425049
2022-06-15,16.5270004272461
2022-06-16,15.6009998321533
2022-06-17,15.8800001144409
2022-06-21,16.5659999847412
2022-06-22,16.3600006103516
2022-06-23,16.2250003814697
2022-06-24,17.1259994506836
2022-06-27,16.8689994812012
2022-06-28,15.9820003509521
2022-06-29,15.5419998168945
2022-06-30,15.1590003967285
2022-07-01,14.5229997634888
2022-07-05,14.96399974823
2022-07-06,15.1300001144409
2022-07-07,15.8579998016357
2022-07-08,15.8380002975464
2022-07-11,15.1520004272461
2022-07-12,15.0819997787476
2022-07-13,15.1639995574951
2022-07-14,15.3719997406006
2022-07-15,15.7620000839233
2022-07-18,16.1009998321533
2022-07-19,16.992000579834
2022-07-20,17.806999206543
2022-07-21,18.0499992370605
2022-07-22,17.3190002441406
2022-07-25,17.0240001678467
2022-07-26,16.5330009460449
2022-07-27,17.7900009155273
2022-07-28,17.9839992523193
2022-07-29,18.1630001068115
2022-08-01,18.4409999847412
2022-08-02,18.5259990692139
2022-08-03,18.8929996490479
2022-08-04,19.2150001525879
2022-08-05,18.9890003204346
2022-08-08,17.7929992675781
2022-08-09,17.0860004425049
2022-08-10,18.0970001220703
2022-08-11,17.9419994354248
2022-08-12,18.7089996337891
2022-08-15,19.0319995880127
2022-08-16,18.878999710083
2022-08-17,18.3349990844727
2022-08-18,18.7730007171631
2022-08-19,17.8490009307861
2022-08-22,17.0340003967285
2022-08-23,17.1809997558594
2022-08-24,17.2220001220703
2022-08-25,17.9130001068115
2022-08-26,16.2600002288818
2022-08-29,15.8009996414185
2022-08-30,15.4680004119873
2022-08-31,15.0939998626709
2022-09-01,13.9370002746582
2022-09-02,13.6470003128052
2022-09-06,13.4650001525879
2022-09-07,13.71399974823
2022-09-08,13.9899997711182
2022-09-09,14.3870000839233
2022-09-12,14.5050001144409
2022-09-13,13.1309995651245
2022-09-14,13.1280002593994
2022-09-15,12.9289999008179
2022-09-16,13.1979999542236
2022-09-19,13.3819999694824
2022-09-20,13.1759996414185
2022-09-21,13.2609996795654
2022-09-22,12.5609998703003
2022-09-23,12.5159997940063
2022-09-26,12.2279996871948
2022-09-27,12.4130001068115
2022-09-28,12.7360000610352
2022-09-29,12.2200002670288
2022-09-30,12.1389999389648
2022-10-03,12.5120000839233
2022-10-04,13.1669998168945
2022-10-05,13.2089996337891
2022-10-06,13.1300001144409
2022-10-07,12.076000213623
2022-10-10,11.6700000762939
2022-10-11,11.5860004425049
2022-10-12,11.5
2022-10-13,11.960000038147
2022-10-14,11.2270002365112
2022-10-17,11.8879995346069
2022-10-18,11.9670000076294
2022-10-19,12.0509996414185
2022-10-20,12.1940002441406
2022-10-21,12.4659996032715
2022-10-24,12.5989999771118
2022-10-25,13.2609996795654
2022-10-26,12.8959999084473
2022-10-27,13.1759996414185
2022-10-28,13.8339996337891
2022-10-31,13.4969997406006
2022-11-01,13.5430002212524
2022-11-02,13.2189998626709
2022-11-03,13.4209995269775
2022-11-04,14.1560001373291
2022-11-07,14.3009996414185
2022-11-08,14.6020002365112
2022-11-09,13.7760000228882
2022-11-10,15.75
2022-11-11,16.3269996643066
2022-11-14,16.2950000762939
2022-11-15,16.6660003662109
2022-11-16,15.9099998474121
2022-11-17,15.6770000457764
2022-11-18,15.4090003967285
2022-11-21,15.3170003890991
2022-11-22,16.0380001068115
2022-11-23,16.5189990997314
2022-11-25,16.2700004577637
2022-11-28,15.8269996643066
2022-11-29,15.6389999389648
2022-11-30,16.9230003356934
2022-12-01,17.1350002288818
2022-12-02,16.8759994506836
2022-12-05,16.6100006103516
2022-12-06,15.9870004653931
2022-12-07,16.1200008392334
2022-12-08,17.1690006256104
2022-12-09,17.0009994506836
2022-12-12,17.5349998474121
2022-12-13,18.07200050354
2022-12-14,17.673999786377
2022-12-15,16.9519996643066
2022-12-16,16.5709991455078
2022-12-19,16.253999710083
2022-12-20,16.0849990844727
2022-12-21,16.5009994506836
2022-12-22,15.33899974823
2022-12-23,15.206000328064
2022-12-27,14.121000289917
2022-12-28,14.03600025177
2022-12-29,14.6029996871948
2022-12-30,14.6140003204346
2023-01-03,14.3149995803833
2023-01-04,14.7489995956421
2023-01-05,14.2650003433228
2023-01-06,14.8590002059937
2023-01-09,15.6280002593994
2023-01-10,15.9090003967285
2023-01-11,16.0009994506836
2023-01-12,16.5109996795654
2023-01-13,16.8990001678467
2023-01-17,17.7019996643066
2023-01-18,17.3770008087158
2023-01-19,16.7649993896484
2023-01-20,17.8390007019043
2023-01-23,19.193000793457
2023-01-24,19.2649993896484
2023-01-25,19.3229999542236
2023-01-26,19.8020000457764
2023-01-27,20.3649997711182
2023-01-30,19.1620006561279
2023-01-31,19.5370006561279
2023-02-01,20.943000793457
2023-02-02,21.7089996337891
2023-02-03,21.1000003814697
2023-02-06,21.0890007019043
2023-02-07,22.1730003356934
2023-02-08,22.2049999237061
2023-02-09,22.3369998931885
2023-02-10,21.2649993896484
2023-02-13,21.7880001068115
2023-02-14,22.9710006713867
2023-02-15,22.7639999389648
2023-02-16,22.0020008087158
2023-02-17,21.3880004882812
2023-02-21,20.6550006866455
2023-02-22,20.753999710083
2023-02-23,23.6639995574951
2023-02-24,23.2859992980957
2023-02-27,23.5009994506836
2023-02-28,23.2159996032715
2023-03-01,22.6979999542236
2023-03-02,23.3139991760254
2023-03-03,23.8899993896484
2023-03-06,23.5540008544922
2023-03-07,23.2880001068115
2023-03-08,24.1809997558594
2023-03-09,23.4360008239746
2023-03-10,22.9650001525879
2023-03-13,22.9659996032715
2023-03-14,24.0629997253418
2023-03-15,24.2280006408691
2023-03-16,25.5410003662109
2023-03-17,25.7250003814697
2023-03-20,25.8999996185303
2023-03-21,26.1989994049072
2023-03-22,26.4680004119873
2023-03-23,27.1909999847412
2023-03-24,26.7789993286133
2023-03-27,26.5310001373291
2023-03-28,26.4099998474121
2023-03-29,26.9839992523193
2023-03-30,27.382999420166
2023-03-31,27.7770004272461
2023-04-03,27.9650001525879
2023-04-04,27.4529991149902
2023-04-05,26.8810005187988
2023-04-06,27.0370006561279
2023-04-10,27.5790004730225
2023-04-11,27.1690006256104
2023-04-12,26.4950008392334
2023-04-13,26.4629993438721
2023-04-14,26.757999420166
2023-04-17,27.0020008087158
2023-04-18,27.6669998168945
2023-04-19,27.9309997558594
2023-04-20,27.1040000915527
2023-04-21,27.1189994812012
2023-04-24,27.0419998168945
2023-04-25,26.2409992218018
2023-04-26,26.9559993743896
2023-04-27,27.2259998321533
2023-04-28,27.7490005493164
2023-05-01,28.9099998474121
2023-05-02,28.2099990844727
2023-05-03,27.8020000457764
2023-05-04,27.5620002746582
2023-05-05,28.6800003051758
2023-05-08,29.1509990692139
2023-05-09,28.5709991455078
2023-05-10,28.8850002288818
2023-05-11,28.5779991149902
2023-05-12,28.3400001525879
2023-05-15,28.9529991149902
2023-05-16,29.2129993438721
2023-05-17,30.17799949646
2023-05-18,31.67799949646
2023-05-19,31.2639999389648
2023-05-22,31.1760005950928
2023-05-23,30.6879997253418
2023-05-24,30.5380001068115
2023-05-25,37.9799995422363
2023-05-26,38.9459991455078
2023-05-30,40.1110000610352
2023-05-31,37.8339996337891
2023-06-01,39.7700004577637
2023-06-02,39.3269996643066
2023-06-05,39.1710014343262
2023-06-06,38.6539993286133
2023-06-07,37.4749984741211
2023-06-08,38.5099983215332
2023-06-09,38.7700004577637
2023-06-12,39.4819984436035
2023-06-13,41.0219993591309
2023-06-14,42.9970016479492
2023-06-15,42.6529998779297
2023-06-16,42.6920013427734
2023-06-20,43.8079986572266
2023-06-21,43.0449981689453
2023-06-22,43.0250015258789
2023-06-23,42.2089996337891
2023-06-26,40.6319999694824
2023-06-27,41.8759994506836
2023-06-28,41.117000579834
2023-06-29,40.8219985961914
2023-06-30,42.3019981384277
2023-07-03,42.4129981994629
2023-07-05,42.3170013427734
2023-07-06,42.1030006408691
2023-07-07,42.5029983520508
2023-07-10,42.1800003051758
2023-07-11,42.4049987792969
2023-07-12,43.9020004272461
2023-07-13,45.9770011901855
2023-07-14,45.4690017700195
2023-07-17,46.4609985351562
2023-07-18,47.4939994812012
2023-07-19,47.0769996643066
2023-07-20,45.5200004577637
2023-07-21,44.3089981079102
2023-07-24,44.6119995117188
2023-07-25,45.6790008544922
2023-07-26,45.4519996643066
2023-07-27,45.9000015258789
2023-07-28,46.75
2023-07-31,46.7290000915527
2023-08-01,46.5069999694824
2023-08-02,44.2690010070801
2023-08-03,44.5149993896484
2023-08-04,44.6800003051758
2023-08-07,45.4169998168945
2023-08-08,44.6640014648438
2023-08-09,42.5540008544922
2023-08-10,42.3880004882812
2023-08-11,40.8549995422363
2023-08-14,43.7529983520508
2023-08-15,43.939998626709
2023-08-16,43.4860000610352
2023-08-17,43.3440017700195
2023-08-18,43.298999786377
2023-08-21,46.9669990539551
2023-08-22,45.6679992675781
2023-08-23,47.1160011291504
2023-08-24,47.1629981994629
2023-08-25,46.0180015563965
2023-08-28,46.8349990844727
2023-08-29,48.7840003967285
2023-08-30,49.2639999389648
2023-08-31,49.3549995422363
2023-09-01,48.5089988708496
2023-09-05,48.5480003356934
2023-09-06,47.0610008239746
2023-09-07,46.2410011291504
2023-09-08,45.5719985961914
2023-09-11,45.1780014038086
2023-09-12,44.8699989318848
2023-09-13,45.4850006103516
2023-09-14,45.5810012817383
2023-09-15,43.9000015258789
2023-09-18,43.9659996032715
2023-09-19,43.5200004577637
2023-09-20,42.2389984130859
2023-09-21,41.0169982910156
2023-09-22,41.6100006103516
2023-09-25,42.2220001220703
2023-09-26,41.9109992980957
2023-09-27,42.4679985046387
2023-09-28,43.0890007019043
2023-09-29,43.4990005493164
2023-10-02,44.7820014953613
2023-10-03,43.5169982910156
2023-10-04,44.0410003662109
2023-10-05,44.6879997253418
2023-10-06,45.7620010375977
2023-10-09,45.2729988098145
2023-10-10,45.7980003356934
2023-10-11,46.8059997558594
2023-10-12,46.9449996948242
2023-10-13,45.4609985351562
2023-10-16,46.0950012207031
2023-10-17,43.9379997253418
2023-10-18,42.1959991455078
2023-10-19,42.101001739502
2023-10-20,41.3870010375977
2023-10-23,42.9749984741211
2023-10-24,43.6629981994629
2023-10-25,41.7789993286133
2023-10-26,40.326000213623
2023-10-27,40.5
2023-10-30,41.1609992980957
2023-10-31,40.7799987792969
2023-11-01,42.3250007629395
2023-11-02,43.5060005187988
2023-11-03,45.0050010681152
2023-11-06,45.7509994506836
2023-11-07,45.9550018310547
2023-11-08,46.5740013122559
2023-11-09,46.9500007629395
2023-11-10,48.3349990844727
2023-11-13,48.6199989318848
2023-11-14,49.6559982299805
2023-11-15,48.8880004882812
2023-11-16,49.4799995422363
2023-11-17,49.2980003356934
2023-11-20,50.4090003967285
2023-11-21,49.9440002441406
2023-11-22,48.7159996032715
2023-11-24,47.7760009765625
2023-11-27,48.242000579834
2023-11-28,47.8209991455078
2023-11-29,48.1399993896484
2023-11-30,46.7700004577637
2023-12-01,46.7649993896484
2023-12-04,45.5099983215332
2023-12-05,46.5660018920898
2023-12-06,45.5029983520508
2023-12-07,46.5960006713867
2023-12-08,47.5060005187988
2023-12-11,46.6269989013672
2023-12-12,47.6570014953613
2023-12-13,48.0880012512207
2023-12-14,48.3499984741211
2023-12-15,48.8899993896484
2023-12-18,50.0769996643066
2023-12-19,49.6040000915527
2023-12-20,48.1110000610352
2023-12-21,48.9900016784668
2023-12-22,48.8300018310547
2023-12-26,49.2789993286133
2023-12-27,49.4169998168945
2023-12-28,49.5219993591309
2023-12-29,49.5219993591309
2024-01-02,48.1679992675781
2024-01-03,47.5690002441406
2024-01-04,47.9980010986328
2024-01-05,49.0970001220703
2024-01-08,52.2529983520508
2024-01-09,53.1399993896484
2024-01-10,54.3499984741211
2024-01-11,54.8219985961914
2024-01-12,54.7099990844727
2024-01-16,56.3819999694824
2024-01-17,56.0530014038086
2024-01-18,57.1069984436035
2024-01-19,59.4910011291504
2024-01-22,59.6539993286133
2024-01-23,59.8730010986328
2024-01-24,61.3619995117188
2024-01-25,61.617000579834
2024-01-26,61.0309982299805
2024-01-29,62.4650001525879
2024-01-30,62.773998260498
2024-01-31,61.5270004272461
2024-02-01,63.0270004272461
2024-02-02,66.1600036621094
2024-02-05,69.3320007324219
2024-02-06,68.2229995727539
2024-02-07,70.0989990234375
2024-02-08,69.640998840332
2024-02-09,72.1330032348633
2024-02-12,72.2480010986328
2024-02-13,72.1279983520508
2024-02-14,73.9000015258789
2024-02-15,72.6579971313477
2024-02-16,72.6129989624023
2024-02-20,69.4520034790039
2024-02-21,67.4720001220703
2024-02-22,78.5380020141602
2024-02-23,78.8170013427734
2024-02-26,79.0920028686523
2024-02-27,78.7009963989258
2024-02-28,77.6630020141602
2024-02-29,79.1119995117188
2024-03-01,82.2789993286133
2024-03-04,85.2369995117188
2024-03-05,85.963996887207
2024-03-06,88.6999969482422
2024-03-07,92.6689987182617
2024-03-08,87.5279998779297
2024-03-11,85.7740020751953
2024-03-12,91.9130020141602
2024-03-13,90.8880004882812
2024-03-14,87.9440002441406
2024-03-15,87.8369979858398
2024-03-18,88.4550018310547
2024-03-19,89.3980026245117
2024-03-20,90.3720016479492
2024-03-21,91.4349975585938
2024-03-22,94.2890014648438
2024-03-25,95.0019989013672
2024-03-26,92.5609970092773
2024-03-27,90.25
2024-03-28,90.3560028076172
2024-04-01,90.3629989624023
2024-04-02,89.4520034790039
2024-04-03,88.963996887207
2024-04-04,85.9049987792969
2024-04-05,88.0080032348633
2024-04-08,87.1330032348633
2024-04-09,85.3539962768555
2024-04-10,87.0390014648438
2024-04-11,90.6159973144531
2024-04-12,88.1859970092773
2024-04-15,86.0009994506836
2024-04-16,87.4150009155273
2024-04-17,84.0350036621094
2024-04-18,84.6709976196289
2024-04-19,76.1999969482422
2024-04-22,79.5179977416992
2024-04-23,82.4229965209961
2024-04-24,79.677001953125
2024-04-25,82.6320037841797
2024-04-26,87.7350006103516
2024-04-29,87.7570037841797
2024-04-30,86.4020004272461
2024-05-01,83.0410003662109
2024-05-02,85.8170013427734
2024-05-03,88.7890014648438
2024-05-06,92.1399993896484
2024-05-07,90.5540008544922
2024-05-08,90.4120025634766
2024-05-09,88.7470016479492
2024-05-10,89.8779983520508
2024-05-13,90.3990020751953
2024-05-14,91.3560028076172
2024-05-15,94.629997253418
2024-05-16,94.359001159668
2024-05-17,92.4789962768555
2024-05-20,94.7799987792969
2024-05-21,95.3860015869141
2024-05-22,94.9499969482422
2024-05-23,103.799003601074
2024-05-24,106.46900177002
2024-05-28,113.901000976562
2024-05-29,114.824996948242
2024-05-30,110.5
2024-05-31,109.633003234863
2024-06-03,115
2024-06-04,116.436996459961
2024-06-05,122.440002441406
2024-06-06,120.998001098633
2024-06-07,120.888000488281
2024-06-10,121.790000915527
2024-06-11,120.910003662109
2024-06-12,125.199996948242
2024-06-13,129.610000610352
2024-06-14,131.880004882812
2024-06-17,130.979995727539
2024-06-18,135.580001831055
2024-06-20,130.779998779297
2024-06-21,126.569999694824
2024-06-24,118.110000610352
2024-06-25,126.089996337891
2024-06-26,126.400001525879
2024-06-27,123.98999786377
2024-06-28,123.540000915527
2024-07-01,124.300003051758
2024-07-02,122.669998168945
2024-07-03,128.279998779297
2024-07-05,125.830001831055
2024-07-08,128.199996948242
2024-07-09,131.380004882812
2024-07-10,134.910003662109
2024-07-11,127.400001525879
2024-07-12,129.240005493164
2024-07-15,128.440002441406
2024-07-16,126.360000610352
2024-07-17,117.98999786377
2024-07-18,121.089996337891
2024-07-19,117.930000305176
2024-07-22,123.540000915527
2024-07-23,122.589996337891
2024-07-24,114.25
2024-07-25,112.279998779297
2024-07-26,113.059997558594
2024-07-29,111.589996337891
2024-07-30,103.730003356934
2024-07-31,117.019996643066
2024-08-01,109.209999084473
2024-08-02,107.269996643066
2024-08-05,100.449996948242
2024-08-06,104.25
2024-08-07,98.9100036621094
2024-08-08,104.970001220703
2024-08-09,104.75
2024-08-12,109.019996643066
2024-08-13,116.139999389648
2024-08-14,118.080001831055
2024-08-15,122.860000610352
2024-08-16,124.580001831055
2024-08-19,130
2024-08-20,127.25
2024-08-21,128.5
2024-08-22,123.73999786377
2024-08-23,129.369995117188
2024-08-26,126.459999084473
2024-08-27,128.300003051758
2024-08-28,125.610000610352
2024-08-29,117.589996337891
2024-08-30,119.370002746582
2024-09-03,108
2024-09-04,106.209999084473
2024-09-05,107.209999084473
2024-09-06,102.830001831055
2024-09-09,106.470001220703
2024-09-10,108.099998474121
2024-09-11,116.910003662109
2024-09-12,119.139999389648
2024-09-13,119.099998474121
2024-09-16,116.779998779297
2024-09-17,115.589996337891
2024-09-18,113.370002746582
2024-09-19,117.870002746582
2024-09-20,116
2024-09-23,116.26000213623
2024-09-24,120.870002746582
2024-09-25,123.51000213623
2024-09-26,124.040000915527
2024-09-27,121.400001525879
2024-09-30,121.440002441406
2024-10-01,117
2024-10-02,118.849998474121
2024-10-03,122.849998474121
2024-10-04,124.919998168945
2024-10-07,127.720001220703
2024-10-08,132.889999389648
2024-10-09,132.649993896484
2024-10-10,134.809997558594
2024-10-11,134.800003051758
2024-10-14,138.070007324219
